mode,bpp,psnr,i_bits,p_bits
all_intra,0.22798468815118686,25.129253332328297,4482361.356802855,0
temporal,0.08710831518129797,25.395495855713577,45308.19984176,1667310.963274703
