method,obj_acc,cls_acc,bpp
latent_probe,0.975078125,0.8652037617554859,1.95
pixel_probe_x265,0.976640625,0.7931034482758621,1.9487711588541667
