λ,bpp,Y-PSNR
0.005,11.984287367784507,12.513619920758606
0.01,13.382349030845976,13.39359338467521
0.05,13.091104969466523,14.733408204379415
0.1,14.978781262029646,13.402700233746746
0.5,13.789910379897085,10.190273702339956
1.0,12.691658780020397,9.98477268610327

x265 CRF,bpp,Y-PSNR
23,0.1028857421875,34.399315
28,0.04790201822916667,33.840233
32,0.03364990234375,33.245304
36,0.026051432291666666,32.55052

BD-rate vs x265,N/A (insufficient PSNR overlap)
