target_bpp,lewm_bpp,x265_bpp,orig_dets,lewm_dets,x265_dets,lewm_class_recall,x265_class_recall
0.9754957358042399,0.9754946867624918,0.9695217556423611,5.5,0.0,5.5,0.0,0.75
1.9509914716084797,1.950961139467027,1.3384250217013889,5.5,1.8,5.533333333333333,0.25,0.75
