video,bpp,psnr,hi_bits,med_bits,lo_bits,hi_count,med_count,lo_count,avg_surprise
normal,1.951640019416809,22.70491904313705,0,38370804.09375,0,0,100,0,0.59505667312751
anomaly,1.9516518529256184,25.04402939614144,0,38371036.75,0,0,100,0,0.5967273606732204
